-- Resposta do Comando SQL item a)

INSERT INTO MC_DEPTO (cd_depto,nm_depto,st_depto) VALUES(SQ_MC_DEPTO.NEXTVAL,'PRESIDÊNCIA','A');
INSERT INTO MC_DEPTO (cd_depto,nm_depto,st_depto) VALUES(SQ_MC_DEPTO.NEXTVAL,'COMERCIAL','A');
INSERT INTO MC_DEPTO (cd_depto,nm_depto,st_depto) VALUES(SQ_MC_DEPTO.NEXTVAL,'CONTABLIDADE','A');
INSERT INTO MC_DEPTO (cd_depto,nm_depto,st_depto) VALUES(SQ_MC_DEPTO.NEXTVAL,'ESTOQUE','A');
INSERT INTO MC_DEPTO (cd_depto,nm_depto,st_depto) VALUES(SQ_MC_DEPTO.NEXTVAL,'FINANCEIRO','A');
INSERT INTO MC_DEPTO (cd_depto,nm_depto,st_depto) VALUES(SQ_MC_DEPTO.NEXTVAL,'SAC','A');
INSERT INTO MC_DEPTO (cd_depto,nm_depto,st_depto) VALUES(SQ_MC_DEPTO.NEXTVAL,'RECURSOS HUMANOS','A');
INSERT INTO MC_DEPTO (cd_depto,nm_depto,st_depto) VALUES(SQ_MC_DEPTO.NEXTVAL,'LOGISTICA','A');
INSERT INTO MC_DEPTO (cd_depto,nm_depto,st_depto) VALUES(SQ_MC_DEPTO.NEXTVAL,'T.I.','A');

COMMIT;

-- Resposta do Comando SQL item b)

INSERT INTO MC_FUNCIONARIO (CD_FUNCIONARIO,CD_DEPTO,CD_GERENTE,NM_FUNCIONARIO,DT_NASCIMENTO,FL_SEXO_BIOLOGICO,DS_CARGO,VL_SALARIO,ST_FUNC,DT_CADASTRAMENTO)
VALUES(SQ_MC_FUNCIONARIO.NEXTVAL,1,NULL,'Vania Matos',TO_DATE ('14/06/1983','DD/MM/YYYY'),'F','PRESIDENTE',54732,'A',TO_DATE ('11/03/2019','DD/MM/YYYY'));

INSERT INTO MC_FUNCIONARIO (CD_FUNCIONARIO,CD_DEPTO,CD_GERENTE,NM_FUNCIONARIO,DT_NASCIMENTO,FL_SEXO_BIOLOGICO,DS_CARGO,VL_SALARIO,ST_FUNC,DT_CADASTRAMENTO)
VALUES(SQ_MC_FUNCIONARIO.NEXTVAL,2,1,'Isadora Santos',TO_DATE ('14/06/1983','DD/MM/YYYY'),'F','DIRETORA COMERCIAL',36925,'A',TO_DATE ('11/03/2019','DD/MM/YYYY'));

INSERT INTO MC_FUNCIONARIO (CD_FUNCIONARIO,CD_DEPTO,CD_GERENTE,NM_FUNCIONARIO,DT_NASCIMENTO,FL_SEXO_BIOLOGICO,DS_CARGO,VL_SALARIO,ST_FUNC,DT_CADASTRAMENTO)
VALUES(SQ_MC_FUNCIONARIO.NEXTVAL,2,2,'Gabriel Costa',TO_DATE ('15/09/1995','DD/MM/YYYY'),'M','GERENTE COMERCIAL',15864,'A',TO_DATE ('22/09/2016','DD/MM/YYYY'));

INSERT INTO MC_FUNCIONARIO (CD_FUNCIONARIO,CD_DEPTO,CD_GERENTE,NM_FUNCIONARIO,DT_NASCIMENTO,FL_SEXO_BIOLOGICO,DS_CARGO,VL_SALARIO,ST_FUNC,DT_CADASTRAMENTO)
VALUES(SQ_MC_FUNCIONARIO.NEXTVAL,2,2,'Juliana Oliveira',TO_DATE ('02/05/1991','DD/MM/YYYY'),'F','ANALISTA COMERCIAL',2372,'A',TO_DATE ('08/05/2014','DD/MM/YYYY'));

INSERT INTO MC_FUNCIONARIO (CD_FUNCIONARIO,CD_DEPTO,CD_GERENTE,NM_FUNCIONARIO,DT_NASCIMENTO,FL_SEXO_BIOLOGICO,DS_CARGO,VL_SALARIO,ST_FUNC,DT_CADASTRAMENTO)
VALUES(SQ_MC_FUNCIONARIO.NEXTVAL,2,2,'Rafaela Silva',TO_DATE ('21/11/1982','DD/MM/YYYY'),'F','ANALISTA COMERCIAL',7768,'A',TO_DATE ('17/11/2020','DD/MM/YYYY'));

INSERT INTO MC_FUNCIONARIO (CD_FUNCIONARIO,CD_DEPTO,CD_GERENTE,NM_FUNCIONARIO,DT_NASCIMENTO,FL_SEXO_BIOLOGICO,DS_CARGO,VL_SALARIO,ST_FUNC,DT_CADASTRAMENTO)
VALUES(SQ_MC_FUNCIONARIO.NEXTVAL,3,1,'Henrique Pereira',TO_DATE ('06/04/1986','DD/MM/YYYY'),'M','DIRETOR CONTÁBIL',39078,'A',TO_DATE ('29/01/2021','DD/MM/YYYY'));

INSERT INTO MC_FUNCIONARIO (CD_FUNCIONARIO,CD_DEPTO,CD_GERENTE,NM_FUNCIONARIO,DT_NASCIMENTO,FL_SEXO_BIOLOGICO,DS_CARGO,VL_SALARIO,ST_FUNC,DT_CADASTRAMENTO,DT_DESLIGAMENTO)
VALUES(SQ_MC_FUNCIONARIO.NEXTVAL,3,6,'Laura Rodrigues',TO_DATE ('30/12/2003','DD/MM/YYYY'),'F','GERENTE CONTÁBIL',12190,'I',TO_DATE ('04/12/2017','DD/MM/YYYY'),TO_DATE ('05/04/2021','DD/MM/YYYY'));

INSERT INTO MC_FUNCIONARIO (CD_FUNCIONARIO,CD_DEPTO,CD_GERENTE,NM_FUNCIONARIO,DT_NASCIMENTO,FL_SEXO_BIOLOGICO,DS_CARGO,VL_SALARIO,ST_FUNC,DT_CADASTRAMENTO)
VALUES(SQ_MC_FUNCIONARIO.NEXTVAL,3,7,'Eduardo Souza',TO_DATE ('09/08/1988','DD/MM/YYYY'),'M','ANALISTA CONTÁBIL',3556,'A',TO_DATE ('20/08/2022','DD/MM/YYYY'));

INSERT INTO MC_FUNCIONARIO (CD_FUNCIONARIO,CD_DEPTO,CD_GERENTE,NM_FUNCIONARIO,DT_NASCIMENTO,FL_SEXO_BIOLOGICO,DS_CARGO,VL_SALARIO,ST_FUNC,DT_CADASTRAMENTO)
VALUES(SQ_MC_FUNCIONARIO.NEXTVAL,3,7,'Beatriz Alves',TO_DATE ('16/03/1994','DD/MM/YYYY'),'F','ANALISTA CONTÁBIL',5619,'A',TO_DATE ('14/06/2013','DD/MM/YYYY'));

INSERT INTO MC_FUNCIONARIO (CD_FUNCIONARIO,CD_DEPTO,CD_GERENTE,NM_FUNCIONARIO,DT_NASCIMENTO,FL_SEXO_BIOLOGICO,DS_CARGO,VL_SALARIO,ST_FUNC,DT_CADASTRAMENTO)
VALUES(SQ_MC_FUNCIONARIO.NEXTVAL,4,1,'Marcelo Vieira',TO_DATE ('05/02/2000','DD/MM/YYYY'),'M','DIRETOR OPERACIONAL',34226,'A',TO_DATE ('27/12/2019','DD/MM/YYYY'));

INSERT INTO MC_FUNCIONARIO (CD_FUNCIONARIO,CD_DEPTO,CD_GERENTE,NM_FUNCIONARIO,DT_NASCIMENTO,FL_SEXO_BIOLOGICO,DS_CARGO,VL_SALARIO,ST_FUNC,DT_CADASTRAMENTO)
VALUES(SQ_MC_FUNCIONARIO.NEXTVAL,4,10,'Lívia Gonçalves',TO_DATE ('11/12/1987','DD/MM/YYYY'),'F','GERENTE OPERACIONAL',14984,'A',TO_DATE ('05/04/2014','DD/MM/YYYY'));

INSERT INTO MC_FUNCIONARIO (CD_FUNCIONARIO,CD_DEPTO,CD_GERENTE,NM_FUNCIONARIO,DT_NASCIMENTO,FL_SEXO_BIOLOGICO,DS_CARGO,VL_SALARIO,ST_FUNC,DT_CADASTRAMENTO)
VALUES(SQ_MC_FUNCIONARIO.NEXTVAL,4,11,'Tiago Lima',TO_DATE ('07/07/1992','DD/MM/YYYY'),'M','ANALISTA OPERACIONAL',8570,'A',TO_DATE ('18/10/2016','DD/MM/YYYY'));

INSERT INTO MC_FUNCIONARIO (CD_FUNCIONARIO,CD_DEPTO,CD_GERENTE,NM_FUNCIONARIO,DT_NASCIMENTO,FL_SEXO_BIOLOGICO,DS_CARGO,VL_SALARIO,ST_FUNC,DT_CADASTRAMENTO)
VALUES(SQ_MC_FUNCIONARIO.NEXTVAL,4,11,'Camila Costa',TO_DATE ('28/01/2004','DD/MM/YYYY'),'F','ANALISTA OPERACIONAL',6481,'A',TO_DATE ('31/07/2022','DD/MM/YYYY'));

INSERT INTO MC_FUNCIONARIO (CD_FUNCIONARIO,CD_DEPTO,CD_GERENTE,NM_FUNCIONARIO,DT_NASCIMENTO,FL_SEXO_BIOLOGICO,DS_CARGO,VL_SALARIO,ST_FUNC,DT_CADASTRAMENTO,DT_DESLIGAMENTO)
VALUES(SQ_MC_FUNCIONARIO.NEXTVAL,5,1,'Davi Mendes',TO_DATE ('20/10/1981','DD/MM/YYYY'),'M','DIRETOR FINANCEIRO',42998,'I',TO_DATE ('26/05/2015','DD/MM/YYYY'),TO_DATE ('19/02/2022','DD/MM/YYYY'));

INSERT INTO MC_FUNCIONARIO (CD_FUNCIONARIO,CD_DEPTO,CD_GERENTE,NM_FUNCIONARIO,DT_NASCIMENTO,FL_SEXO_BIOLOGICO,DS_CARGO,VL_SALARIO,ST_FUNC,DT_CADASTRAMENTO)
VALUES(SQ_MC_FUNCIONARIO.NEXTVAL,5,14,'Isabela Fernandes',TO_DATE ('03/09/1989','DD/MM/YYYY'),'F','GERENTE FINANCEIRO',19875,'A',TO_DATE ('12/03/2020','DD/MM/YYYY'));

INSERT INTO MC_FUNCIONARIO (CD_FUNCIONARIO,CD_DEPTO,CD_GERENTE,NM_FUNCIONARIO,DT_NASCIMENTO,FL_SEXO_BIOLOGICO,DS_CARGO,VL_SALARIO,ST_FUNC,DT_CADASTRAMENTO)
VALUES(SQ_MC_FUNCIONARIO.NEXTVAL,5,15,'Bruno Carvalho',TO_DATE ('12/07/1998','DD/MM/YYYY'),'M','ANALISTA FINANCEIRO',4111,'A',TO_DATE ('06/01/2018','DD/MM/YYYY'));

INSERT INTO MC_FUNCIONARIO (CD_FUNCIONARIO,CD_DEPTO,CD_GERENTE,NM_FUNCIONARIO,DT_NASCIMENTO,FL_SEXO_BIOLOGICO,DS_CARGO,VL_SALARIO,ST_FUNC,DT_CADASTRAMENTO)
VALUES(SQ_MC_FUNCIONARIO.NEXTVAL,5,15,'Mariana Cardoso',TO_DATE ('01/06/1993','DD/MM/YYYY'),'F','ANALISTA FINANCEIRO',7145,'A',TO_DATE ('23/11/2013','DD/MM/YYYY'));

INSERT INTO MC_FUNCIONARIO (CD_FUNCIONARIO,CD_DEPTO,CD_GERENTE,NM_FUNCIONARIO,DT_NASCIMENTO,FL_SEXO_BIOLOGICO,DS_CARGO,VL_SALARIO,ST_FUNC,DT_CADASTRAMENTO)
VALUES(SQ_MC_FUNCIONARIO.NEXTVAL,6,1,'Lucas Ferreira',TO_DATE ('17/04/1985','DD/MM/YYYY'),'M','SUPERVISOR',6089,'A',TO_DATE ('09/09/2023','DD/MM/YYYY'));

INSERT INTO MC_FUNCIONARIO (CD_FUNCIONARIO,CD_DEPTO,CD_GERENTE,NM_FUNCIONARIO,DT_NASCIMENTO,FL_SEXO_BIOLOGICO,DS_CARGO,VL_SALARIO,ST_FUNC,DT_CADASTRAMENTO)
VALUES(SQ_MC_FUNCIONARIO.NEXTVAL,6,18,'Sofia Martins',TO_DATE ('26/12/2001','DD/MM/YYYY'),'F','ATENDENTE',2512,'A',TO_DATE ('07/07/2021','DD/MM/YYYY'));

INSERT INTO MC_FUNCIONARIO (CD_FUNCIONARIO,CD_DEPTO,CD_GERENTE,NM_FUNCIONARIO,DT_NASCIMENTO,FL_SEXO_BIOLOGICO,DS_CARGO,VL_SALARIO,ST_FUNC,DT_CADASTRAMENTO)
VALUES(SQ_MC_FUNCIONARIO.NEXTVAL,6,18,'João Pereira',TO_DATE ('18/11/1984','DD/MM/YYYY'),'M','ATENDENTE',2512,'A',TO_DATE ('30/06/2016','DD/MM/YYYY'));

INSERT INTO MC_FUNCIONARIO (CD_FUNCIONARIO,CD_DEPTO,CD_GERENTE,NM_FUNCIONARIO,DT_NASCIMENTO,FL_SEXO_BIOLOGICO,DS_CARGO,VL_SALARIO,ST_FUNC,DT_CADASTRAMENTO)
VALUES(SQ_MC_FUNCIONARIO.NEXTVAL,7,1,'Carolina Dias',TO_DATE ('08/02/1999','DD/MM/YYYY'),'F','DIRETORA DE RH',35496,'A',TO_DATE ('14/02/2015','DD/MM/YYYY'));

INSERT INTO MC_FUNCIONARIO (CD_FUNCIONARIO,CD_DEPTO,CD_GERENTE,NM_FUNCIONARIO,DT_NASCIMENTO,FL_SEXO_BIOLOGICO,DS_CARGO,VL_SALARIO,ST_FUNC,DT_CADASTRAMENTO)
VALUES(SQ_MC_FUNCIONARIO.NEXTVAL,7,21,'Felipe Ribeiro',TO_DATE ('04/01/1996','DD/MM/YYYY'),'M','GERENTE DE RH',15271,'A',TO_DATE ('02/12/2020','DD/MM/YYYY'));

INSERT INTO MC_FUNCIONARIO (CD_FUNCIONARIO,CD_DEPTO,CD_GERENTE,NM_FUNCIONARIO,DT_NASCIMENTO,FL_SEXO_BIOLOGICO,DS_CARGO,VL_SALARIO,ST_FUNC,DT_CADASTRAMENTO,DT_DESLIGAMENTO)
VALUES(SQ_MC_FUNCIONARIO.NEXTVAL,7,22,'Ana Luiza Costa',TO_DATE ('25/08/2002','DD/MM/YYYY'),'F','ANALISTA RH',9272,'I',TO_DATE ('19/08/2017','DD/MM/YYYY'),TO_DATE ('12/09/2022','DD/MM/YYYY'));

INSERT INTO MC_FUNCIONARIO (CD_FUNCIONARIO,CD_DEPTO,CD_GERENTE,NM_FUNCIONARIO,DT_NASCIMENTO,FL_SEXO_BIOLOGICO,DS_CARGO,VL_SALARIO,ST_FUNC,DT_CADASTRAMENTO)
VALUES(SQ_MC_FUNCIONARIO.NEXTVAL,7,22,'Gustavo Silva',TO_DATE ('19/06/1980','DD/MM/YYYY'),'M','ANALISTA RH',3961,'A',TO_DATE ('25/04/2018','DD/MM/YYYY'));

INSERT INTO MC_FUNCIONARIO (CD_FUNCIONARIO,CD_DEPTO,CD_GERENTE,NM_FUNCIONARIO,DT_NASCIMENTO,FL_SEXO_BIOLOGICO,DS_CARGO,VL_SALARIO,ST_FUNC,DT_CADASTRAMENTO)
VALUES(SQ_MC_FUNCIONARIO.NEXTVAL,8,1,'Luana Rodrigues',TO_DATE ('27/03/1990','DD/MM/YYYY'),'F','DIRETORA DE LOGÍSTICA',27777,'A',TO_DATE ('10/03/2022','DD/MM/YYYY'));

INSERT INTO MC_FUNCIONARIO (CD_FUNCIONARIO,CD_DEPTO,CD_GERENTE,NM_FUNCIONARIO,DT_NASCIMENTO,FL_SEXO_BIOLOGICO,DS_CARGO,VL_SALARIO,ST_FUNC,DT_CADASTRAMENTO)
VALUES(SQ_MC_FUNCIONARIO.NEXTVAL,8,25,'Matheus Santos',TO_DATE ('22/10/2005','DD/MM/YYYY'),'M','GERENTE DE LOGÍSTICA',13489,'A',TO_DATE ('27/01/2021','DD/MM/YYYY'));

INSERT INTO MC_FUNCIONARIO (CD_FUNCIONARIO,CD_DEPTO,CD_GERENTE,NM_FUNCIONARIO,DT_NASCIMENTO,FL_SEXO_BIOLOGICO,DS_CARGO,VL_SALARIO,ST_FUNC,DT_CADASTRAMENTO)
VALUES(SQ_MC_FUNCIONARIO.NEXTVAL,8,26,'Gabriela Oliveira',TO_DATE ('13/09/1997','DD/MM/YYYY'),'F','ANALISTA DE LOGÍSTICA',5235,'A',TO_DATE ('15/11/2014','DD/MM/YYYY'));

INSERT INTO MC_FUNCIONARIO (CD_FUNCIONARIO,CD_DEPTO,CD_GERENTE,NM_FUNCIONARIO,DT_NASCIMENTO,FL_SEXO_BIOLOGICO,DS_CARGO,VL_SALARIO,ST_FUNC,DT_CADASTRAMENTO)
VALUES(SQ_MC_FUNCIONARIO.NEXTVAL,8,26,'Victor Souza',TO_DATE ('10/05/1992','DD/MM/YYYY'),'M','ANALISTA DE LOGÍSTICA',8881,'A',TO_DATE ('01/09/2015','DD/MM/YYYY'));

INSERT INTO MC_FUNCIONARIO (CD_FUNCIONARIO,CD_DEPTO,CD_GERENTE,NM_FUNCIONARIO,DT_NASCIMENTO,FL_SEXO_BIOLOGICO,DS_CARGO,VL_SALARIO,ST_FUNC,DT_CADASTRAMENTO)
VALUES(SQ_MC_FUNCIONARIO.NEXTVAL,9,1,'Marina Almeida',TO_DATE ('29/11/1986','DD/MM/YYYY'),'F','COORDENADORA TI',19420,'A',TO_DATE ('16/05/2019','DD/MM/YYYY'));

INSERT INTO MC_FUNCIONARIO (CD_FUNCIONARIO,CD_DEPTO,CD_GERENTE,NM_FUNCIONARIO,DT_NASCIMENTO,FL_SEXO_BIOLOGICO,DS_CARGO,VL_SALARIO,ST_FUNC,DT_CADASTRAMENTO)
VALUES(SQ_MC_FUNCIONARIO.NEXTVAL,9,29,'Caio Nascimento',TO_DATE ('15/08/1991','DD/MM/YYYY'),'M','ANALISTA TI',2192,'A',TO_DATE ('08/01/2014','DD/MM/YYYY'));

INSERT INTO MC_FUNCIONARIO (CD_FUNCIONARIO,CD_DEPTO,CD_GERENTE,NM_FUNCIONARIO,DT_NASCIMENTO,FL_SEXO_BIOLOGICO,DS_CARGO,VL_SALARIO,ST_FUNC,DT_CADASTRAMENTO)
VALUES(SQ_MC_FUNCIONARIO.NEXTVAL,9,29,'Amanda Moreira',TO_DATE ('24/04/2004','DD/MM/YYYY'),'F','ANALISTA TI',4393,'A',TO_DATE ('28/07/2023','DD/MM/YYYY'));

COMMIT;

-- Resposta do Comando SQL item c)

INSERT INTO MC_ESTADO (SG_ESTADO,NM_ESTADO) VALUES ('AC','Acre');
INSERT INTO MC_ESTADO (SG_ESTADO,NM_ESTADO) VALUES ('AL','Alagoas');
INSERT INTO MC_ESTADO (SG_ESTADO,NM_ESTADO) VALUES ('AP','Amapá');
INSERT INTO MC_ESTADO (SG_ESTADO,NM_ESTADO) VALUES ('AM','Amazonas');
INSERT INTO MC_ESTADO (SG_ESTADO,NM_ESTADO) VALUES ('BA','Bahia');
INSERT INTO MC_ESTADO (SG_ESTADO,NM_ESTADO) VALUES ('CE','Ceará');
INSERT INTO MC_ESTADO (SG_ESTADO,NM_ESTADO) VALUES ('DF','Distrito Federal');
INSERT INTO MC_ESTADO (SG_ESTADO,NM_ESTADO) VALUES ('ES','Espírito Santo');
INSERT INTO MC_ESTADO (SG_ESTADO,NM_ESTADO) VALUES ('GO','Goiás');
INSERT INTO MC_ESTADO (SG_ESTADO,NM_ESTADO) VALUES ('MA','Maranhão');
INSERT INTO MC_ESTADO (SG_ESTADO,NM_ESTADO) VALUES ('MT','Mato Grosso');
INSERT INTO MC_ESTADO (SG_ESTADO,NM_ESTADO) VALUES ('MS','Mato Grosso do Sul');
INSERT INTO MC_ESTADO (SG_ESTADO,NM_ESTADO) VALUES ('MG','Minas Gerais');
INSERT INTO MC_ESTADO (SG_ESTADO,NM_ESTADO) VALUES ('PA','Pará');
INSERT INTO MC_ESTADO (SG_ESTADO,NM_ESTADO) VALUES ('PB','Paraíba');
INSERT INTO MC_ESTADO (SG_ESTADO,NM_ESTADO) VALUES ('PR','Paraná');
INSERT INTO MC_ESTADO (SG_ESTADO,NM_ESTADO) VALUES ('PE','Pernambuco');
INSERT INTO MC_ESTADO (SG_ESTADO,NM_ESTADO) VALUES ('PI','Piauí');
INSERT INTO MC_ESTADO (SG_ESTADO,NM_ESTADO) VALUES ('RJ','Rio de Janeiro');
INSERT INTO MC_ESTADO (SG_ESTADO,NM_ESTADO) VALUES ('RN','Rio Grande do Norte');
INSERT INTO MC_ESTADO (SG_ESTADO,NM_ESTADO) VALUES ('RS','Rio Grande do Sul');
INSERT INTO MC_ESTADO (SG_ESTADO,NM_ESTADO) VALUES ('RO','Rondônia');
INSERT INTO MC_ESTADO (SG_ESTADO,NM_ESTADO) VALUES ('RR','Roraima');
INSERT INTO MC_ESTADO (SG_ESTADO,NM_ESTADO) VALUES ('SC','Santa Catarina');
INSERT INTO MC_ESTADO (SG_ESTADO,NM_ESTADO) VALUES ('SP','São Paulo');
INSERT INTO MC_ESTADO (SG_ESTADO,NM_ESTADO) VALUES ('SE','Sergipe');
INSERT INTO MC_ESTADO (SG_ESTADO,NM_ESTADO) VALUES ('TO','Tocantins');

INSERT INTO MC_CIDADE (CD_CIDADE,SG_ESTADO,NM_CIDADE,CD_IBGE,NR_DDD) VALUES (SQ_MC_CIDADE.NEXTVAL,'CE','Fortaleza',2304400,85);
INSERT INTO MC_CIDADE (CD_CIDADE,SG_ESTADO,NM_CIDADE,CD_IBGE,NR_DDD) VALUES (SQ_MC_CIDADE.NEXTVAL,'CE','Juazeiro do Norte',2307304,88);
INSERT INTO MC_CIDADE (CD_CIDADE,SG_ESTADO,NM_CIDADE,CD_IBGE,NR_DDD) VALUES (SQ_MC_CIDADE.NEXTVAL,'CE','Sobral',2312908,88);
INSERT INTO MC_CIDADE (CD_CIDADE,SG_ESTADO,NM_CIDADE,CD_IBGE,NR_DDD) VALUES (SQ_MC_CIDADE.NEXTVAL,'MS','Campo Grande',5002704,67);
INSERT INTO MC_CIDADE (CD_CIDADE,SG_ESTADO,NM_CIDADE,CD_IBGE,NR_DDD) VALUES (SQ_MC_CIDADE.NEXTVAL,'MS','Corumbá',5003207,67);
INSERT INTO MC_CIDADE (CD_CIDADE,SG_ESTADO,NM_CIDADE,CD_IBGE,NR_DDD) VALUES (SQ_MC_CIDADE.NEXTVAL,'MS','Três Lagoas',5008305,67);
INSERT INTO MC_CIDADE (CD_CIDADE,SG_ESTADO,NM_CIDADE,CD_IBGE,NR_DDD) VALUES (SQ_MC_CIDADE.NEXTVAL,'BA','Salvador',2927408,71);
INSERT INTO MC_CIDADE (CD_CIDADE,SG_ESTADO,NM_CIDADE,CD_IBGE,NR_DDD) VALUES (SQ_MC_CIDADE.NEXTVAL,'BA','Ilhéus',2913605,73);
INSERT INTO MC_CIDADE (CD_CIDADE,SG_ESTADO,NM_CIDADE,CD_IBGE,NR_DDD) VALUES (SQ_MC_CIDADE.NEXTVAL,'BA','Juazeiro',2918406,74);
INSERT INTO MC_CIDADE (CD_CIDADE,SG_ESTADO,NM_CIDADE,CD_IBGE,NR_DDD) VALUES (SQ_MC_CIDADE.NEXTVAL,'RN','Natal',2408102,84);
INSERT INTO MC_CIDADE (CD_CIDADE,SG_ESTADO,NM_CIDADE,CD_IBGE,NR_DDD) VALUES (SQ_MC_CIDADE.NEXTVAL,'RN','Mossoró',2408003,84);
INSERT INTO MC_CIDADE (CD_CIDADE,SG_ESTADO,NM_CIDADE,CD_IBGE,NR_DDD) VALUES (SQ_MC_CIDADE.NEXTVAL,'RN','Parnamirim',2403252,84);
INSERT INTO MC_CIDADE (CD_CIDADE,SG_ESTADO,NM_CIDADE,CD_IBGE,NR_DDD) VALUES (SQ_MC_CIDADE.NEXTVAL,'SP','São Paulo',3550308,11);
INSERT INTO MC_CIDADE (CD_CIDADE,SG_ESTADO,NM_CIDADE,CD_IBGE,NR_DDD) VALUES (SQ_MC_CIDADE.NEXTVAL,'SP','Campinas',3509502,19);
INSERT INTO MC_CIDADE (CD_CIDADE,SG_ESTADO,NM_CIDADE,CD_IBGE,NR_DDD) VALUES (SQ_MC_CIDADE.NEXTVAL,'SP','São José dos Campos',3549909,12);

INSERT INTO MC_BAIRRO (CD_BAIRRO,CD_CIDADE,NM_BAIRRO,NM_ZONA_BAIRRO) VALUES (SQ_MC_BAIRRO.NEXTVAL,1,'Aldeota','Zona Leste');
INSERT INTO MC_BAIRRO (CD_BAIRRO,CD_CIDADE,NM_BAIRRO,NM_ZONA_BAIRRO) VALUES (SQ_MC_BAIRRO.NEXTVAL,2,'São José','Zona Central');
INSERT INTO MC_BAIRRO (CD_BAIRRO,CD_CIDADE,NM_BAIRRO,NM_ZONA_BAIRRO) VALUES (SQ_MC_BAIRRO.NEXTVAL,3,'Junco','Zona Central');
INSERT INTO MC_BAIRRO (CD_BAIRRO,CD_CIDADE,NM_BAIRRO,NM_ZONA_BAIRRO) VALUES (SQ_MC_BAIRRO.NEXTVAL,4,'Vila Sobrinho','Zona Central');
INSERT INTO MC_BAIRRO (CD_BAIRRO,CD_CIDADE,NM_BAIRRO,NM_ZONA_BAIRRO) VALUES (SQ_MC_BAIRRO.NEXTVAL,5,'Aeroporto','Zona Oeste');
INSERT INTO MC_BAIRRO (CD_BAIRRO,CD_CIDADE,NM_BAIRRO,NM_ZONA_BAIRRO) VALUES (SQ_MC_BAIRRO.NEXTVAL,6,'Jardim Alvorada','Zona Norte');
INSERT INTO MC_BAIRRO (CD_BAIRRO,CD_CIDADE,NM_BAIRRO,NM_ZONA_BAIRRO) VALUES (SQ_MC_BAIRRO.NEXTVAL,7,'Barra','Zona Sul');
INSERT INTO MC_BAIRRO (CD_BAIRRO,CD_CIDADE,NM_BAIRRO,NM_ZONA_BAIRRO) VALUES (SQ_MC_BAIRRO.NEXTVAL,8,'Centro','Zona Central');
INSERT INTO MC_BAIRRO (CD_BAIRRO,CD_CIDADE,NM_BAIRRO,NM_ZONA_BAIRRO) VALUES (SQ_MC_BAIRRO.NEXTVAL,9,'Centro','Zona Central');
INSERT INTO MC_BAIRRO (CD_BAIRRO,CD_CIDADE,NM_BAIRRO,NM_ZONA_BAIRRO) VALUES (SQ_MC_BAIRRO.NEXTVAL,10,'Ponta Negra','Zona Sul');
INSERT INTO MC_BAIRRO (CD_BAIRRO,CD_CIDADE,NM_BAIRRO,NM_ZONA_BAIRRO) VALUES (SQ_MC_BAIRRO.NEXTVAL,11,'Centro','Zona Central');
INSERT INTO MC_BAIRRO (CD_BAIRRO,CD_CIDADE,NM_BAIRRO,NM_ZONA_BAIRRO) VALUES (SQ_MC_BAIRRO.NEXTVAL,12,'Rosa dos Ventos','Zona Sul');
INSERT INTO MC_BAIRRO (CD_BAIRRO,CD_CIDADE,NM_BAIRRO,NM_ZONA_BAIRRO) VALUES (SQ_MC_BAIRRO.NEXTVAL,13,'Vila Mariana','Zona Sul');
INSERT INTO MC_BAIRRO (CD_BAIRRO,CD_CIDADE,NM_BAIRRO,NM_ZONA_BAIRRO) VALUES (SQ_MC_BAIRRO.NEXTVAL,14,'Cambuí','Zona Central');
INSERT INTO MC_BAIRRO (CD_BAIRRO,CD_CIDADE,NM_BAIRRO,NM_ZONA_BAIRRO) VALUES (SQ_MC_BAIRRO.NEXTVAL,15,'Jardim Aquarius','Zona Oeste');

INSERT INTO MC_LOGRADOURO (CD_LOGRADOURO,CD_BAIRRO,NM_LOGRADOURO,NR_CEP) VALUES (SQ_MC_LOGRADOURO.NEXTVAL,1,'Rua Milagres',60110430);
INSERT INTO MC_LOGRADOURO (CD_LOGRADOURO,CD_BAIRRO,NM_LOGRADOURO,NR_CEP) VALUES (SQ_MC_LOGRADOURO.NEXTVAL,1,'Rua Guanabara',60110440);
INSERT INTO MC_LOGRADOURO (CD_LOGRADOURO,CD_BAIRRO,NM_LOGRADOURO,NR_CEP) VALUES (SQ_MC_LOGRADOURO.NEXTVAL,2,'Rua Antônio Castro Neto',63024310);
INSERT INTO MC_LOGRADOURO (CD_LOGRADOURO,CD_BAIRRO,NM_LOGRADOURO,NR_CEP) VALUES (SQ_MC_LOGRADOURO.NEXTVAL,2,'Rua Anne Carolayne Ramos da Silva',63024680);
INSERT INTO MC_LOGRADOURO (CD_LOGRADOURO,CD_BAIRRO,NM_LOGRADOURO,NR_CEP) VALUES (SQ_MC_LOGRADOURO.NEXTVAL,3,'Rua Câmara Júnior',62030410);
INSERT INTO MC_LOGRADOURO (CD_LOGRADOURO,CD_BAIRRO,NM_LOGRADOURO,NR_CEP) VALUES (SQ_MC_LOGRADOURO.NEXTVAL,3,'Rua Coronel Juca Parente',62030302);
INSERT INTO MC_LOGRADOURO (CD_LOGRADOURO,CD_BAIRRO,NM_LOGRADOURO,NR_CEP) VALUES (SQ_MC_LOGRADOURO.NEXTVAL,4,'Rua Saldanha da Gama',79110013);
INSERT INTO MC_LOGRADOURO (CD_LOGRADOURO,CD_BAIRRO,NM_LOGRADOURO,NR_CEP) VALUES (SQ_MC_LOGRADOURO.NEXTVAL,4,'Rua Américo Marques',79110902);
INSERT INTO MC_LOGRADOURO (CD_LOGRADOURO,CD_BAIRRO,NM_LOGRADOURO,NR_CEP) VALUES (SQ_MC_LOGRADOURO.NEXTVAL,5,'Rua Duque de Caxias',79320060);
INSERT INTO MC_LOGRADOURO (CD_LOGRADOURO,CD_BAIRRO,NM_LOGRADOURO,NR_CEP) VALUES (SQ_MC_LOGRADOURO.NEXTVAL,5,'Rua Francisco Gomes Xavier',79320233);
INSERT INTO MC_LOGRADOURO (CD_LOGRADOURO,CD_BAIRRO,NM_LOGRADOURO,NR_CEP) VALUES (SQ_MC_LOGRADOURO.NEXTVAL,6,'Rua Antônio Garcia de Oliveira',79610283);
INSERT INTO MC_LOGRADOURO (CD_LOGRADOURO,CD_BAIRRO,NM_LOGRADOURO,NR_CEP) VALUES (SQ_MC_LOGRADOURO.NEXTVAL,6,'Rua dos Astros',79610282);
INSERT INTO MC_LOGRADOURO (CD_LOGRADOURO,CD_BAIRRO,NM_LOGRADOURO,NR_CEP) VALUES (SQ_MC_LOGRADOURO.NEXTVAL,7,'Rua Afonso Celso',40140080);
INSERT INTO MC_LOGRADOURO (CD_LOGRADOURO,CD_BAIRRO,NM_LOGRADOURO,NR_CEP) VALUES (SQ_MC_LOGRADOURO.NEXTVAL,7,'Rua Alfredo Magalhães',40140140);
INSERT INTO MC_LOGRADOURO (CD_LOGRADOURO,CD_BAIRRO,NM_LOGRADOURO,NR_CEP) VALUES (SQ_MC_LOGRADOURO.NEXTVAL,8,'Rua Marquês de Paranaguá',45653908);
INSERT INTO MC_LOGRADOURO (CD_LOGRADOURO,CD_BAIRRO,NM_LOGRADOURO,NR_CEP) VALUES (SQ_MC_LOGRADOURO.NEXTVAL,8,'Rua Eustáquio Bastos',45653917);
INSERT INTO MC_LOGRADOURO (CD_LOGRADOURO,CD_BAIRRO,NM_LOGRADOURO,NR_CEP) VALUES (SQ_MC_LOGRADOURO.NEXTVAL,9,'Avenida Carmela Dutra',48903530);
INSERT INTO MC_LOGRADOURO (CD_LOGRADOURO,CD_BAIRRO,NM_LOGRADOURO,NR_CEP) VALUES (SQ_MC_LOGRADOURO.NEXTVAL,9,'Rua 7 de Setembro',48903670);
INSERT INTO MC_LOGRADOURO (CD_LOGRADOURO,CD_BAIRRO,NM_LOGRADOURO,NR_CEP) VALUES (SQ_MC_LOGRADOURO.NEXTVAL,10,'Rua Ana Porto',59090010);
INSERT INTO MC_LOGRADOURO (CD_LOGRADOURO,CD_BAIRRO,NM_LOGRADOURO,NR_CEP) VALUES (SQ_MC_LOGRADOURO.NEXTVAL,10,'Rua Hélio Galvão',59090070);
INSERT INTO MC_LOGRADOURO (CD_LOGRADOURO,CD_BAIRRO,NM_LOGRADOURO,NR_CEP) VALUES (SQ_MC_LOGRADOURO.NEXTVAL,11,'Rua Alfredo Fernandes',59600180);
INSERT INTO MC_LOGRADOURO (CD_LOGRADOURO,CD_BAIRRO,NM_LOGRADOURO,NR_CEP) VALUES (SQ_MC_LOGRADOURO.NEXTVAL,11,'Rua Coronel Gurgel',59600200);
INSERT INTO MC_LOGRADOURO (CD_LOGRADOURO,CD_BAIRRO,NM_LOGRADOURO,NR_CEP) VALUES (SQ_MC_LOGRADOURO.NEXTVAL,12,'Rua Ivandir de Souza',59141380);
INSERT INTO MC_LOGRADOURO (CD_LOGRADOURO,CD_BAIRRO,NM_LOGRADOURO,NR_CEP) VALUES (SQ_MC_LOGRADOURO.NEXTVAL,12,'Rua Manoel Pereira da Silva',59141385);
INSERT INTO MC_LOGRADOURO (CD_LOGRADOURO,CD_BAIRRO,NM_LOGRADOURO,NR_CEP) VALUES (SQ_MC_LOGRADOURO.NEXTVAL,13,'Rua Jardim Ivone',4105020);
INSERT INTO MC_LOGRADOURO (CD_LOGRADOURO,CD_BAIRRO,NM_LOGRADOURO,NR_CEP) VALUES (SQ_MC_LOGRADOURO.NEXTVAL,13,'Rua Agostinho Asquini',4121090);
INSERT INTO MC_LOGRADOURO (CD_LOGRADOURO,CD_BAIRRO,NM_LOGRADOURO,NR_CEP) VALUES (SQ_MC_LOGRADOURO.NEXTVAL,14,'Rua Ataliba Camargo de Andrade',13025290);
INSERT INTO MC_LOGRADOURO (CD_LOGRADOURO,CD_BAIRRO,NM_LOGRADOURO,NR_CEP) VALUES (SQ_MC_LOGRADOURO.NEXTVAL,14,'Rua Ana Jarvis',13024480);
INSERT INTO MC_LOGRADOURO (CD_LOGRADOURO,CD_BAIRRO,NM_LOGRADOURO,NR_CEP) VALUES (SQ_MC_LOGRADOURO.NEXTVAL,15,'Alameda Mozart',12242032);
INSERT INTO MC_LOGRADOURO (CD_LOGRADOURO,CD_BAIRRO,NM_LOGRADOURO,NR_CEP) VALUES (SQ_MC_LOGRADOURO.NEXTVAL,15,'Avenida Jorge Zarur',12242020);

COMMIT;

-- Resposta do Comando SQL item d)

INSERT INTO MC_END_FUNC (CD_FUNCIONARIO,CD_LOGRADOURO,NR_END,DS_COMPLEMENTO_END,DT_INICIO,DT_TERMINO,ST_END) VALUES (1,28,199,NULL,TO_DATE('13/09/1977','DD/MM/YYYY'),NULL,'A');
INSERT INTO MC_END_FUNC (CD_FUNCIONARIO,CD_LOGRADOURO,NR_END,DS_COMPLEMENTO_END,DT_INICIO,DT_TERMINO,ST_END) VALUES (2,16,240,NULL,TO_DATE('05/07/1967','DD/MM/YYYY'),NULL,'A');
INSERT INTO MC_END_FUNC (CD_FUNCIONARIO,CD_LOGRADOURO,NR_END,DS_COMPLEMENTO_END,DT_INICIO,DT_TERMINO,ST_END) VALUES (3,9,127,NULL,TO_DATE('27/11/1997','DD/MM/YYYY'),NULL,'A');
INSERT INTO MC_END_FUNC (CD_FUNCIONARIO,CD_LOGRADOURO,NR_END,DS_COMPLEMENTO_END,DT_INICIO,DT_TERMINO,ST_END) VALUES (4,25,102,NULL,TO_DATE('03/02/2014','DD/MM/YYYY'),NULL,'A');
INSERT INTO MC_END_FUNC (CD_FUNCIONARIO,CD_LOGRADOURO,NR_END,DS_COMPLEMENTO_END,DT_INICIO,DT_TERMINO,ST_END) VALUES (5,14,162,NULL,TO_DATE('19/06/2014','DD/MM/YYYY'),NULL,'A');
INSERT INTO MC_END_FUNC (CD_FUNCIONARIO,CD_LOGRADOURO,NR_END,DS_COMPLEMENTO_END,DT_INICIO,DT_TERMINO,ST_END) VALUES (6,12,180,NULL,TO_DATE('11/12/2014','DD/MM/YYYY'),NULL,'A');
INSERT INTO MC_END_FUNC (CD_FUNCIONARIO,CD_LOGRADOURO,NR_END,DS_COMPLEMENTO_END,DT_INICIO,DT_TERMINO,ST_END) VALUES (7,1,234,NULL,TO_DATE('24/01/2019','DD/MM/YYYY'),NULL,'A');
INSERT INTO MC_END_FUNC (CD_FUNCIONARIO,CD_LOGRADOURO,NR_END,DS_COMPLEMENTO_END,DT_INICIO,DT_TERMINO,ST_END) VALUES (8,17,219,NULL,TO_DATE('07/03/2017','DD/MM/YYYY'),NULL,'A');
INSERT INTO MC_END_FUNC (CD_FUNCIONARIO,CD_LOGRADOURO,NR_END,DS_COMPLEMENTO_END,DT_INICIO,DT_TERMINO,ST_END) VALUES (9,30,232,NULL,TO_DATE('14/08/2007','DD/MM/YYYY'),TO_DATE('18/02/2010','DD/MM/YYYY'),'I');
INSERT INTO MC_END_FUNC (CD_FUNCIONARIO,CD_LOGRADOURO,NR_END,DS_COMPLEMENTO_END,DT_INICIO,DT_TERMINO,ST_END) VALUES (10,24,255,NULL,TO_DATE('28/02/2007','DD/MM/YYYY'),NULL,'A');
INSERT INTO MC_END_FUNC (CD_FUNCIONARIO,CD_LOGRADOURO,NR_END,DS_COMPLEMENTO_END,DT_INICIO,DT_TERMINO,ST_END) VALUES (11,20,238,NULL,TO_DATE('21/10/1987','DD/MM/YYYY'),NULL,'A');
INSERT INTO MC_END_FUNC (CD_FUNCIONARIO,CD_LOGRADOURO,NR_END,DS_COMPLEMENTO_END,DT_INICIO,DT_TERMINO,ST_END) VALUES (12,3,191,NULL,TO_DATE('12/05/2009','DD/MM/YYYY'),NULL,'A');
INSERT INTO MC_END_FUNC (CD_FUNCIONARIO,CD_LOGRADOURO,NR_END,DS_COMPLEMENTO_END,DT_INICIO,DT_TERMINO,ST_END) VALUES (13,6,309,NULL,TO_DATE('06/12/2011','DD/MM/YYYY'),NULL,'A');
INSERT INTO MC_END_FUNC (CD_FUNCIONARIO,CD_LOGRADOURO,NR_END,DS_COMPLEMENTO_END,DT_INICIO,DT_TERMINO,ST_END) VALUES (14,8,254,NULL,TO_DATE('16/09/2008','DD/MM/YYYY'),NULL,'A');
INSERT INTO MC_END_FUNC (CD_FUNCIONARIO,CD_LOGRADOURO,NR_END,DS_COMPLEMENTO_END,DT_INICIO,DT_TERMINO,ST_END) VALUES (15,2,346,NULL,TO_DATE('09/04/2009','DD/MM/YYYY'),NULL,'A');
INSERT INTO MC_END_FUNC (CD_FUNCIONARIO,CD_LOGRADOURO,NR_END,DS_COMPLEMENTO_END,DT_INICIO,DT_TERMINO,ST_END) VALUES (16,27,184,NULL,TO_DATE('26/08/2015','DD/MM/YYYY'),NULL,'A');
INSERT INTO MC_END_FUNC (CD_FUNCIONARIO,CD_LOGRADOURO,NR_END,DS_COMPLEMENTO_END,DT_INICIO,DT_TERMINO,ST_END) VALUES (17,18,247,NULL,TO_DATE('01/03/2012','DD/MM/YYYY'),NULL,'A');
INSERT INTO MC_END_FUNC (CD_FUNCIONARIO,CD_LOGRADOURO,NR_END,DS_COMPLEMENTO_END,DT_INICIO,DT_TERMINO,ST_END) VALUES (18,22,257,NULL,TO_DATE('25/05/2016','DD/MM/YYYY'),NULL,'A');
INSERT INTO MC_END_FUNC (CD_FUNCIONARIO,CD_LOGRADOURO,NR_END,DS_COMPLEMENTO_END,DT_INICIO,DT_TERMINO,ST_END) VALUES (19,4,211,NULL,TO_DATE('02/10/2015','DD/MM/YYYY'),NULL,'A');
INSERT INTO MC_END_FUNC (CD_FUNCIONARIO,CD_LOGRADOURO,NR_END,DS_COMPLEMENTO_END,DT_INICIO,DT_TERMINO,ST_END) VALUES (20,13,112,NULL,TO_DATE('18/07/2011','DD/MM/YYYY'),TO_DATE('15/04/2013','DD/MM/YYYY'),'I');
INSERT INTO MC_END_FUNC (CD_FUNCIONARIO,CD_LOGRADOURO,NR_END,DS_COMPLEMENTO_END,DT_INICIO,DT_TERMINO,ST_END) VALUES (21,7,283,NULL,TO_DATE('22/01/2012','DD/MM/YYYY'),NULL,'A');
INSERT INTO MC_END_FUNC (CD_FUNCIONARIO,CD_LOGRADOURO,NR_END,DS_COMPLEMENTO_END,DT_INICIO,DT_TERMINO,ST_END) VALUES (22,19,174,NULL,TO_DATE('17/06/2014','DD/MM/YYYY'),NULL,'A');
INSERT INTO MC_END_FUNC (CD_FUNCIONARIO,CD_LOGRADOURO,NR_END,DS_COMPLEMENTO_END,DT_INICIO,DT_TERMINO,ST_END) VALUES (23,29,205,NULL,TO_DATE('15/11/2010','DD/MM/YYYY'),NULL,'A');
INSERT INTO MC_END_FUNC (CD_FUNCIONARIO,CD_LOGRADOURO,NR_END,DS_COMPLEMENTO_END,DT_INICIO,DT_TERMINO,ST_END) VALUES (24,23,112,NULL,TO_DATE('10/02/2000','DD/MM/YYYY'),NULL,'A');
INSERT INTO MC_END_FUNC (CD_FUNCIONARIO,CD_LOGRADOURO,NR_END,DS_COMPLEMENTO_END,DT_INICIO,DT_TERMINO,ST_END) VALUES (25,15,170,NULL,TO_DATE('05/07/2012','DD/MM/YYYY'),NULL,'A');
INSERT INTO MC_END_FUNC (CD_FUNCIONARIO,CD_LOGRADOURO,NR_END,DS_COMPLEMENTO_END,DT_INICIO,DT_TERMINO,ST_END) VALUES (26,10,296,NULL,TO_DATE('16/01/2008','DD/MM/YYYY'),NULL,'A');
INSERT INTO MC_END_FUNC (CD_FUNCIONARIO,CD_LOGRADOURO,NR_END,DS_COMPLEMENTO_END,DT_INICIO,DT_TERMINO,ST_END) VALUES (27,26,340,NULL,TO_DATE('08/09/1999','DD/MM/YYYY'),NULL,'A');
INSERT INTO MC_END_FUNC (CD_FUNCIONARIO,CD_LOGRADOURO,NR_END,DS_COMPLEMENTO_END,DT_INICIO,DT_TERMINO,ST_END) VALUES (28,11,240,NULL,TO_DATE('12/04/2003','DD/MM/YYYY'),NULL,'A');
INSERT INTO MC_END_FUNC (CD_FUNCIONARIO,CD_LOGRADOURO,NR_END,DS_COMPLEMENTO_END,DT_INICIO,DT_TERMINO,ST_END) VALUES (29,5,209,'Bloco A, Apto 103',TO_DATE('29/03/2020','DD/MM/YYYY'),NULL,'A');
INSERT INTO MC_END_FUNC (CD_FUNCIONARIO,CD_LOGRADOURO,NR_END,DS_COMPLEMENTO_END,DT_INICIO,DT_TERMINO,ST_END) VALUES (30,30,323,NULL,TO_DATE('23/08/2005','DD/MM/YYYY'),NULL,'A');
INSERT INTO MC_END_FUNC (CD_FUNCIONARIO,CD_LOGRADOURO,NR_END,DS_COMPLEMENTO_END,DT_INICIO,DT_TERMINO,ST_END) VALUES (31,21,240,NULL,TO_DATE('07/05/2011','DD/MM/YYYY'),NULL,'A');


COMMIT;

-- Resposta do Comando SQL item e)

INSERT INTO MC_CLIENTE (NR_CLIENTE,NM_CLIENTE,QT_ESTRELAS,VL_MEDIO_COMPRA,ST_CLIENTE,DS_EMAIL,NR_TELEFONE,NM_LOGIN,DS_SENHA) VALUES (SQ_MC_CLIENTE.NEXTVAL,'Sofia Mendes',5,601.88,'A','sofiamendes87@gmail.com','(11) 5432-1234','sofiamendes87',' Qwerty123!');
INSERT INTO MC_CLIENTE (NR_CLIENTE,NM_CLIENTE,QT_ESTRELAS,VL_MEDIO_COMPRA,ST_CLIENTE,DS_EMAIL,NR_TELEFONE,NM_LOGIN,DS_SENHA) VALUES (SQ_MC_CLIENTE.NEXTVAL,'Lucas Carvalho',5,767.13,'A','lucascarvalho21@hotmail.com','(21) 9876-5432','lucascarvalho21',' 5#9f8hjKl#');
INSERT INTO MC_CLIENTE (NR_CLIENTE,NM_CLIENTE,QT_ESTRELAS,VL_MEDIO_COMPRA,ST_CLIENTE,DS_EMAIL,NR_TELEFONE,NM_LOGIN,DS_SENHA) VALUES (SQ_MC_CLIENTE.NEXTVAL,'Camila Santos',5,508.45,'A','camilasantos33@yahoo.com','(31) 4567-8901','camilasantos33',' aBcDeFgHiJk1');
INSERT INTO MC_CLIENTE (NR_CLIENTE,NM_CLIENTE,QT_ESTRELAS,VL_MEDIO_COMPRA,ST_CLIENTE,DS_EMAIL,NR_TELEFONE,NM_LOGIN,DS_SENHA) VALUES (SQ_MC_CLIENTE.NEXTVAL,'Gabriel Oliveira',5,899.26,'A','gabrieloliveira10@outlook.com','(41) 2345-6789','gabrieloliveira10',' 7Gh*1K9p!');
INSERT INTO MC_CLIENTE (NR_CLIENTE,NM_CLIENTE,QT_ESTRELAS,VL_MEDIO_COMPRA,ST_CLIENTE,DS_EMAIL,NR_TELEFONE,NM_LOGIN,DS_SENHA) VALUES (SQ_MC_CLIENTE.NEXTVAL,'Isabela Rodrigues',4,638.91,'A','isabelarodrigues79@gmail.com','(51) 8765-4321','isabelarodrigues79',' 3nB$5dL#7');
INSERT INTO MC_CLIENTE (NR_CLIENTE,NM_CLIENTE,QT_ESTRELAS,VL_MEDIO_COMPRA,ST_CLIENTE,DS_EMAIL,NR_TELEFONE,NM_LOGIN,DS_SENHA) VALUES (SQ_MC_CLIENTE.NEXTVAL,'Bruno Silva',4,721.58,'A','brunosilva42@yahoo.com','(62) 3456-7890','brunosilva42',' M1nH7Yb@');
INSERT INTO MC_CLIENTE (NR_CLIENTE,NM_CLIENTE,QT_ESTRELAS,VL_MEDIO_COMPRA,ST_CLIENTE,DS_EMAIL,NR_TELEFONE,NM_LOGIN,DS_SENHA) VALUES (SQ_MC_CLIENTE.NEXTVAL,'Ana Costa',NULL,943.15,'A','anacosta95@hotmail.com','(71) 6543-2109','anacosta95',' 4Tg9Xv2%');
INSERT INTO MC_CLIENTE (NR_CLIENTE,NM_CLIENTE,QT_ESTRELAS,VL_MEDIO_COMPRA,ST_CLIENTE,DS_EMAIL,NR_TELEFONE,NM_LOGIN,DS_SENHA) VALUES (SQ_MC_CLIENTE.NEXTVAL,'Thiago Souza',NULL,575.99,'A','thiagosouza28@gmail.com','(81) 4321-0987','thiagosouza28',' P0lK9i8U7');
INSERT INTO MC_CLIENTE (NR_CLIENTE,NM_CLIENTE,QT_ESTRELAS,VL_MEDIO_COMPRA,ST_CLIENTE,DS_EMAIL,NR_TELEFONE,NM_LOGIN,DS_SENHA) VALUES (SQ_MC_CLIENTE.NEXTVAL,'Fernanda Almeida',2,867.07,'I','fernandaalmeida17@outlook.com','(85) 9876-5432','fernandaalmeida17',' 6yHmN3qA');
INSERT INTO MC_CLIENTE (NR_CLIENTE,NM_CLIENTE,QT_ESTRELAS,VL_MEDIO_COMPRA,ST_CLIENTE,DS_EMAIL,NR_TELEFONE,NM_LOGIN,DS_SENHA) VALUES (SQ_MC_CLIENTE.NEXTVAL,'Pedro Pereira',5,524.31,'A','pedropereira61@yahoo.com','(92) 3456-7890','pedropereira61',' 8#fD7kL1');
INSERT INTO MC_CLIENTE (NR_CLIENTE,NM_CLIENTE,QT_ESTRELAS,VL_MEDIO_COMPRA,ST_CLIENTE,DS_EMAIL,NR_TELEFONE,NM_LOGIN,DS_SENHA) VALUES (SQ_MC_CLIENTE.NEXTVAL,'Innovart LTDA',4,678.57,'A','contato@innovart.com.br','(95) 6789-0123','innovart_acesso',' R2cBtF6gI');
INSERT INTO MC_CLIENTE (NR_CLIENTE,NM_CLIENTE,QT_ESTRELAS,VL_MEDIO_COMPRA,ST_CLIENTE,DS_EMAIL,NR_TELEFONE,NM_LOGIN,DS_SENHA) VALUES (SQ_MC_CLIENTE.NEXTVAL,'Nexzone S.A.',4,933.42,'A','suporte@nexzone.com','(98) 2109-8765','nexzone_login',' 1HjK9l0Mn#');
INSERT INTO MC_CLIENTE (NR_CLIENTE,NM_CLIENTE,QT_ESTRELAS,VL_MEDIO_COMPRA,ST_CLIENTE,DS_EMAIL,NR_TELEFONE,NM_LOGIN,DS_SENHA) VALUES (SQ_MC_CLIENTE.NEXTVAL,'Swiftify ME',4,562.79,'A','atendimento@swiftify.com.br','(99) 5432-1098','swiftify_conta',' 9#mJ7kL5p');
INSERT INTO MC_CLIENTE (NR_CLIENTE,NM_CLIENTE,QT_ESTRELAS,VL_MEDIO_COMPRA,ST_CLIENTE,DS_EMAIL,NR_TELEFONE,NM_LOGIN,DS_SENHA) VALUES (SQ_MC_CLIENTE.NEXTVAL,'Novacore Ltda.',3,794.62,'A','contato@novacore.com','(81) 7654-3210','novacore_user',' bV7dF5hL3');
INSERT INTO MC_CLIENTE (NR_CLIENTE,NM_CLIENTE,QT_ESTRELAS,VL_MEDIO_COMPRA,ST_CLIENTE,DS_EMAIL,NR_TELEFONE,NM_LOGIN,DS_SENHA) VALUES (SQ_MC_CLIENTE.NEXTVAL,'Plenusphere EIRELI',5,890.72,'A','suporte@plenusphere.com.br','(31) 0987-6543','plenusphere_acesso',' zX3cN5mP9!');

INSERT INTO MC_CLI_FISICA (NR_CLIENTE,DT_NASCIMENTO,FL_SEXO_BIOLOGICO,NR_CPF) VALUES (1,TO_DATE ('23/06/1995','DD/MM/YYYY'),'F','284.756.921-02');
INSERT INTO MC_CLI_FISICA (NR_CLIENTE,DT_NASCIMENTO,FL_SEXO_BIOLOGICO,NR_CPF) VALUES (2,TO_DATE ('11/09/1986','DD/MM/YYYY'),'M','736.014.835-44');
INSERT INTO MC_CLI_FISICA (NR_CLIENTE,DT_NASCIMENTO,FL_SEXO_BIOLOGICO,NR_CPF) VALUES (3,TO_DATE ('07/11/1992','DD/MM/YYYY'),'F','819.642.507-97');
INSERT INTO MC_CLI_FISICA (NR_CLIENTE,DT_NASCIMENTO,FL_SEXO_BIOLOGICO,NR_CPF) VALUES (4,TO_DATE ('18/03/1998','DD/MM/YYYY'),'M','657.923.109-32');
INSERT INTO MC_CLI_FISICA (NR_CLIENTE,DT_NASCIMENTO,FL_SEXO_BIOLOGICO,NR_CPF) VALUES (5,TO_DATE ('29/08/1989','DD/MM/YYYY'),'F','141.968.380-85');
INSERT INTO MC_CLI_FISICA (NR_CLIENTE,DT_NASCIMENTO,FL_SEXO_BIOLOGICO,NR_CPF) VALUES (6,TO_DATE ('14/02/1985','DD/MM/YYYY'),'M','502.103.706-23');
INSERT INTO MC_CLI_FISICA (NR_CLIENTE,DT_NASCIMENTO,FL_SEXO_BIOLOGICO,NR_CPF) VALUES (7,TO_DATE ('05/12/1991','DD/MM/YYYY'),'F','953.784.249-18');
INSERT INTO MC_CLI_FISICA (NR_CLIENTE,DT_NASCIMENTO,FL_SEXO_BIOLOGICO,NR_CPF) VALUES (8,TO_DATE ('28/07/1996','DD/MM/YYYY'),'M','382.051.994-70');
INSERT INTO MC_CLI_FISICA (NR_CLIENTE,DT_NASCIMENTO,FL_SEXO_BIOLOGICO,NR_CPF) VALUES (9,TO_DATE ('16/10/1983','DD/MM/YYYY'),'F','691.480.712-56');
INSERT INTO MC_CLI_FISICA (NR_CLIENTE,DT_NASCIMENTO,FL_SEXO_BIOLOGICO,NR_CPF) VALUES (10,TO_DATE ('02/05/1997','DD/MM/YYYY'),'M','247.680.936-01');

INSERT INTO MC_CLI_JURIDICA (NR_CLIENTE,DT_FUNDACAO,NR_CNPJ,NR_INSCR_EST) VALUES (11,TO_DATE ('17/09/1994','DD/MM/YYYY'),'81.982.680/0001-06','424776548');
INSERT INTO MC_CLI_JURIDICA (NR_CLIENTE,DT_FUNDACAO,NR_CNPJ,NR_INSCR_EST) VALUES (12,NULL,'26.086.551/0001-22','487965913');
INSERT INTO MC_CLI_JURIDICA (NR_CLIENTE,DT_FUNDACAO,NR_CNPJ,NR_INSCR_EST) VALUES (13,TO_DATE ('29/07/1968','DD/MM/YYYY'),'13.473.396/0001-89','128579311');
INSERT INTO MC_CLI_JURIDICA (NR_CLIENTE,DT_FUNDACAO,NR_CNPJ,NR_INSCR_EST) VALUES (14,NULL,'38.575.640/0001-52','386240897');
INSERT INTO MC_CLI_JURIDICA (NR_CLIENTE,DT_FUNDACAO,NR_CNPJ,NR_INSCR_EST) VALUES (15,TO_DATE ('08/03/2010','DD/MM/YYYY'),'67.842.117/0001-70','178436982');

COMMIT;

INSERT INTO MC_END_CLI (NR_CLIENTE,CD_LOGRADOURO_CLI,NR_END,DS_COMPLEMENTO_END,DT_INICIO,DT_TERMINO,ST_END) VALUES (1,19,27,NULL,TO_DATE (' 02/08/2012','DD/MM;YYYY'),NULL,'A');
INSERT INTO MC_END_CLI (NR_CLIENTE,CD_LOGRADOURO_CLI,NR_END,DS_COMPLEMENTO_END,DT_INICIO,DT_TERMINO,ST_END) VALUES (2,6,48,NULL,TO_DATE (' 09/10/2003','DD/MM;YYYY'),NULL,'A');
INSERT INTO MC_END_CLI (NR_CLIENTE,CD_LOGRADOURO_CLI,NR_END,DS_COMPLEMENTO_END,DT_INICIO,DT_TERMINO,ST_END) VALUES (3,29,49,NULL,TO_DATE (' 03/06/2009','DD/MM;YYYY'),NULL,'A');
INSERT INTO MC_END_CLI (NR_CLIENTE,CD_LOGRADOURO_CLI,NR_END,DS_COMPLEMENTO_END,DT_INICIO,DT_TERMINO,ST_END) VALUES (4,16,104,NULL,TO_DATE (' 16/09/2015','DD/MM;YYYY'),NULL,'A');
INSERT INTO MC_END_CLI (NR_CLIENTE,CD_LOGRADOURO_CLI,NR_END,DS_COMPLEMENTO_END,DT_INICIO,DT_TERMINO,ST_END) VALUES (5,25,109,NULL,TO_DATE (' 05/11/2006','DD/MM;YYYY'),NULL,'A');
INSERT INTO MC_END_CLI (NR_CLIENTE,CD_LOGRADOURO_CLI,NR_END,DS_COMPLEMENTO_END,DT_INICIO,DT_TERMINO,ST_END) VALUES (6,9,49,NULL,TO_DATE (' 22/12/2002','DD/MM;YYYY'),NULL,'A');
INSERT INTO MC_END_CLI (NR_CLIENTE,CD_LOGRADOURO_CLI,NR_END,DS_COMPLEMENTO_END,DT_INICIO,DT_TERMINO,ST_END) VALUES (7,14,27,NULL,TO_DATE (' 28/02/2008','DD/MM;YYYY'),NULL,'A');
INSERT INTO MC_END_CLI (NR_CLIENTE,CD_LOGRADOURO_CLI,NR_END,DS_COMPLEMENTO_END,DT_INICIO,DT_TERMINO,ST_END) VALUES (8,7,20,'Bloco B, Apto 53',TO_DATE (' 14/04/2013','DD/MM;YYYY'),NULL,'A');
INSERT INTO MC_END_CLI (NR_CLIENTE,CD_LOGRADOURO_CLI,NR_END,DS_COMPLEMENTO_END,DT_INICIO,DT_TERMINO,ST_END) VALUES (9,30,47,NULL,TO_DATE (' 19/05/2000','DD/MM;YYYY'),NULL,'A');
INSERT INTO MC_END_CLI (NR_CLIENTE,CD_LOGRADOURO_CLI,NR_END,DS_COMPLEMENTO_END,DT_INICIO,DT_TERMINO,ST_END) VALUES (10,22,101,NULL,TO_DATE (' 25/07/2014','DD/MM;YYYY'),NULL,'A');
INSERT INTO MC_END_CLI (NR_CLIENTE,CD_LOGRADOURO_CLI,NR_END,DS_COMPLEMENTO_END,DT_INICIO,DT_TERMINO,ST_END) VALUES (11,18,22,NULL,NULL,NULL,'A');
INSERT INTO MC_END_CLI (NR_CLIENTE,CD_LOGRADOURO_CLI,NR_END,DS_COMPLEMENTO_END,DT_INICIO,DT_TERMINO,ST_END) VALUES (12,3,104,NULL,NULL,NULL,'A');
INSERT INTO MC_END_CLI (NR_CLIENTE,CD_LOGRADOURO_CLI,NR_END,DS_COMPLEMENTO_END,DT_INICIO,DT_TERMINO,ST_END) VALUES (13,12,31,NULL,NULL,NULL,'A');
INSERT INTO MC_END_CLI (NR_CLIENTE,CD_LOGRADOURO_CLI,NR_END,DS_COMPLEMENTO_END,DT_INICIO,DT_TERMINO,ST_END) VALUES (14,27,59,NULL,NULL,NULL,'A');
INSERT INTO MC_END_CLI (NR_CLIENTE,CD_LOGRADOURO_CLI,NR_END,DS_COMPLEMENTO_END,DT_INICIO,DT_TERMINO,ST_END) VALUES (15,10,33,NULL,NULL,NULL,'A');

COMMIT;

-- Resposta do Comando SQL item f)

INSERT INTO MC_CLIENTE (NR_CLIENTE,NM_CLIENTE,QT_ESTRELAS,VL_MEDIO_COMPRA,ST_CLIENTE,DS_EMAIL,NR_TELEFONE,NM_LOGIN,DS_SENHA) VALUES (SQ_MC_CLIENTE.NEXTVAL,'Erik Souza',4,600.68,'A','eriksouza@gmail.com.br','(11) 98467-5196','anacosta95',' 4Tg9Xv2%');

INSERT INTO MC_CLI_FISICA (NR_CLIENTE,DT_NASCIMENTO,FL_SEXO_BIOLOGICO,NR_CPF) VALUES (16,TO_DATE ('05/10/1990','DD/MM/YYYY'),'M','101.326.098-86');

-- Resposta do Comando SQL item g)

INSERT INTO MC_CATEGORIA_PROD (CD_CATEGORIA, TP_CATEGORIA, DS_CATEGORIA, DT_INICIO, DT_TERMINO, ST_CATEGORIA)
VALUES (SQ_MC_CATEGORIA.NEXTVAL, 'P', 'Artesanato', TO_DATE('01/02/2012','DD/MM/YYYY'), NULL, 'A');

INSERT INTO MC_CATEGORIA_PROD (CD_CATEGORIA, TP_CATEGORIA, DS_CATEGORIA, DT_INICIO, DT_TERMINO, ST_CATEGORIA)
VALUES (SQ_MC_CATEGORIA.NEXTVAL, 'P', 'Audio', TO_DATE('01/02/2012','DD/MM/YYYY'), NULL, 'A');

INSERT INTO MC_CATEGORIA_PROD (CD_CATEGORIA, TP_CATEGORIA, DS_CATEGORIA, DT_INICIO, DT_TERMINO, ST_CATEGORIA)
VALUES (SQ_MC_CATEGORIA.NEXTVAL, 'P', 'Brinquedos', TO_DATE('01/02/2012','DD/MM/YYYY'), NULL, 'A');

INSERT INTO MC_CATEGORIA_PROD (CD_CATEGORIA, TP_CATEGORIA, DS_CATEGORIA, DT_INICIO, DT_TERMINO, ST_CATEGORIA)
VALUES (SQ_MC_CATEGORIA.NEXTVAL, 'P', 'Celular e Smartphone', TO_DATE('01/02/2012','DD/MM/YYYY'), NULL, 'A');

INSERT INTO MC_CATEGORIA_PROD (CD_CATEGORIA, TP_CATEGORIA, DS_CATEGORIA, DT_INICIO, DT_TERMINO, ST_CATEGORIA)
VALUES (SQ_MC_CATEGORIA.NEXTVAL, 'P', 'Colchões', TO_DATE('01/02/2012','DD/MM/YYYY'), NULL, 'A');

INSERT INTO MC_CATEGORIA_PROD (CD_CATEGORIA, TP_CATEGORIA, DS_CATEGORIA, DT_INICIO, DT_TERMINO, ST_CATEGORIA)
VALUES (SQ_MC_CATEGORIA.NEXTVAL, 'P', 'Esporte e Lazer', TO_DATE('01/02/2012','DD/MM/YYYY'), NULL, 'A');

INSERT INTO MC_CATEGORIA_PROD (CD_CATEGORIA, TP_CATEGORIA, DS_CATEGORIA, DT_INICIO, DT_TERMINO, ST_CATEGORIA)
VALUES (SQ_MC_CATEGORIA.NEXTVAL, 'P', 'Ferramentas', TO_DATE('01/02/2012','DD/MM/YYYY'), NULL, 'A');

INSERT INTO MC_CATEGORIA_PROD (CD_CATEGORIA, TP_CATEGORIA, DS_CATEGORIA, DT_INICIO, DT_TERMINO, ST_CATEGORIA)
VALUES (SQ_MC_CATEGORIA.NEXTVAL, 'P', 'Games', TO_DATE('01/02/2012','DD/MM/YYYY'), NULL, 'A');

INSERT INTO MC_CATEGORIA_PROD (CD_CATEGORIA, TP_CATEGORIA, DS_CATEGORIA, DT_INICIO, DT_TERMINO, ST_CATEGORIA)
VALUES (SQ_MC_CATEGORIA.NEXTVAL, 'P', 'Informática', TO_DATE('01/02/2012','DD/MM/YYYY'), NULL, 'A');

INSERT INTO MC_CATEGORIA_PROD (CD_CATEGORIA, TP_CATEGORIA, DS_CATEGORIA, DT_INICIO, DT_TERMINO, ST_CATEGORIA)
VALUES (SQ_MC_CATEGORIA.NEXTVAL, 'P', 'Livros', TO_DATE('01/02/2012','DD/MM/YYYY'), NULL, 'A');

INSERT INTO MC_CATEGORIA_PROD (CD_CATEGORIA, TP_CATEGORIA, DS_CATEGORIA, DT_INICIO, DT_TERMINO, ST_CATEGORIA)
VALUES (SQ_MC_CATEGORIA.NEXTVAL, 'P', 'Pet Shop', TO_DATE('01/02/2012','DD/MM/YYYY'), NULL, 'A');

INSERT INTO MC_CATEGORIA_PROD (CD_CATEGORIA, TP_CATEGORIA, DS_CATEGORIA, DT_INICIO, DT_TERMINO, ST_CATEGORIA)
VALUES (SQ_MC_CATEGORIA.NEXTVAL, 'P', 'TV e Utilidades Domésticas', TO_DATE('01/02/2012','DD/MM/YYYY'), NULL, 'A');

COMMIT;

-- Resposta do Comando SQL item h)

INSERT INTO MC_CATEGORIA_PROD (CD_CATEGORIA, TP_CATEGORIA, DS_CATEGORIA, DT_INICIO, DT_TERMINO, ST_CATEGORIA)
VALUES  (SQ_MC_CATEGORIA.NEXTVAL, 'V', 'Instalação do produto', TO_DATE('01/02/2012','DD/MM/YYYY'), NULL, 'A');

INSERT INTO MC_CATEGORIA_PROD (CD_CATEGORIA, TP_CATEGORIA, DS_CATEGORIA, DT_INICIO, DT_TERMINO, ST_CATEGORIA)
VALUES  (SQ_MC_CATEGORIA.NEXTVAL, 'V', 'Comercial com personalidade', TO_DATE('01/02/2012','DD/MM/YYYY'), NULL, 'A');

INSERT INTO MC_CATEGORIA_PROD (CD_CATEGORIA, TP_CATEGORIA, DS_CATEGORIA, DT_INICIO, DT_TERMINO, ST_CATEGORIA)
VALUES  (SQ_MC_CATEGORIA.NEXTVAL, 'V', 'Dicas de uso', TO_DATE('01/02/2012','DD/MM/YYYY'), NULL, 'A');

INSERT INTO MC_CATEGORIA_PROD (CD_CATEGORIA, TP_CATEGORIA, DS_CATEGORIA, DT_INICIO, DT_TERMINO, ST_CATEGORIA)
VALUES  (SQ_MC_CATEGORIA.NEXTVAL, 'V', 'Manutenção do produto', TO_DATE('01/02/2012','DD/MM/YYYY'), NULL, 'A');

COMMIT;

-- Resposta do Comando SQL item i)

INSERT INTO MC_PRODUTO (CD_PRODUTO, CD_CATEGORIA, NR_CD_BARRAS_PROD, DS_PRODUTO, VL_UNITARIO, TP_EMBALAGEM, ST_PRODUTO, VL_PERC_LUCRO, DS_COMPLETA_PROD)
VALUES (SQ_MC_PRODUTO.NEXTVAL, 4, '7890000001115', 'Smartphone X', 1000.00, 'Papelão','A',0.25,'Smartphone X 32GB e 8Gb de memoria Ram');

INSERT INTO MC_PRODUTO (CD_PRODUTO, CD_CATEGORIA, NR_CD_BARRAS_PROD, DS_PRODUTO, VL_UNITARIO, TP_EMBALAGEM, ST_PRODUTO, VL_PERC_LUCRO, DS_COMPLETA_PROD)
VALUES (SQ_MC_PRODUTO.NEXTVAL, 4, '7890000001125', 'Smartphone Y', 1500.20, 'Papelão','A',0.25,'Smartphone Y 64GB e 12Gb de memoria Ram');

INSERT INTO MC_PRODUTO (CD_PRODUTO, CD_CATEGORIA, NR_CD_BARRAS_PROD, DS_PRODUTO, VL_UNITARIO, TP_EMBALAGEM, ST_PRODUTO, VL_PERC_LUCRO, DS_COMPLETA_PROD)
VALUES (SQ_MC_PRODUTO.NEXTVAL, 4, '7890000001135', 'Smartphone Z', 2000.00, 'Papelão','A',0.25,'Smartphone Z 128GB e 16Gb de memoria Ram');

INSERT INTO MC_PRODUTO (CD_PRODUTO, CD_CATEGORIA, NR_CD_BARRAS_PROD, DS_PRODUTO, VL_UNITARIO, TP_EMBALAGEM, ST_PRODUTO, VL_PERC_LUCRO, DS_COMPLETA_PROD)
VALUES (SQ_MC_PRODUTO.NEXTVAL, 1, '7890000001145', 'Bolsa artesanal', 100.00, 'Plastico','A',0.25,'Bolsa artesanal feita com resíduos de lixo reciclável vermelha');

INSERT INTO MC_PRODUTO (CD_PRODUTO, CD_CATEGORIA, NR_CD_BARRAS_PROD, DS_PRODUTO, VL_UNITARIO, TP_EMBALAGEM, ST_PRODUTO, VL_PERC_LUCRO, DS_COMPLETA_PROD)
VALUES (SQ_MC_PRODUTO.NEXTVAL, 1, '7890000001155', 'Escultura de madeira', 150.49, 'Plastico','A',0.25,'Escultura de madeira esculpida a mão, formato de samurai');

INSERT INTO MC_PRODUTO (CD_PRODUTO, CD_CATEGORIA, NR_CD_BARRAS_PROD, DS_PRODUTO, VL_UNITARIO, TP_EMBALAGEM, ST_PRODUTO, VL_PERC_LUCRO, DS_COMPLETA_PROD)
VALUES (SQ_MC_PRODUTO.NEXTVAL, 2, '7890000001165', 'Caixa de som', 1800.00, 'Papelão','A',0.25,'Caixa de som potente para festas ou ouvir em casa, alto falande de 12 polegadas');

INSERT INTO MC_PRODUTO (CD_PRODUTO, CD_CATEGORIA, NR_CD_BARRAS_PROD, DS_PRODUTO, VL_UNITARIO, TP_EMBALAGEM, ST_PRODUTO, VL_PERC_LUCRO, DS_COMPLETA_PROD)
VALUES (SQ_MC_PRODUTO.NEXTVAL, 2, '7890000001175', 'Headphone', 300.00, 'Papelão','A',0.25,'Headphone gamer, ótimo som e definição para quem precisa jogar');

INSERT INTO MC_PRODUTO (CD_PRODUTO, CD_CATEGORIA, NR_CD_BARRAS_PROD, DS_PRODUTO, VL_UNITARIO, TP_EMBALAGEM, ST_PRODUTO, VL_PERC_LUCRO, DS_COMPLETA_PROD)
VALUES (SQ_MC_PRODUTO.NEXTVAL, 3, '7890000001185', 'Carrinho de controle remoto', 200.00, 'Papelão','A',0.25,'Conteúdo do Kit : 1 carro de Controle remoto F430 - 1 Carro Controle Remoto Formula 1 1 controle de 4 funções (frente, trás, esquerda ou direita) Carrinho de controle F340 - Lindo Design - Pneus de borracha - Controle 27mhz 4-Canais - Frente, ré, direita, esquerda');

INSERT INTO MC_PRODUTO (CD_PRODUTO, CD_CATEGORIA, NR_CD_BARRAS_PROD, DS_PRODUTO, VL_UNITARIO, TP_EMBALAGEM, ST_PRODUTO, VL_PERC_LUCRO, DS_COMPLETA_PROD)
VALUES (SQ_MC_PRODUTO.NEXTVAL, 3, '7890000001195', 'Boneco', 80.00, 'Papelão','A',0.25,'Marvel Avengers Homem Aranha Figura de 24 cm com escudo, inspiração nos quadrinhos clássicos, para crianças acima de 4 anos.Homem de Ferro, Capitão América, Thor, Homem-Aranha, Hulk, Viúva Negra e mais! ');

INSERT INTO MC_PRODUTO (CD_PRODUTO, CD_CATEGORIA, NR_CD_BARRAS_PROD, DS_PRODUTO, VL_UNITARIO, TP_EMBALAGEM, ST_PRODUTO, VL_PERC_LUCRO, DS_COMPLETA_PROD)
VALUES (SQ_MC_PRODUTO.NEXTVAL, 5, '7890000001205', 'Colchão de mola', 800.00, 'Plastico','A',0.25,'O Conjunto Cama Box Casal + Colchão De Molas Classic Superlastic Anjos é uma combinação exclusiva da Lucas Colchões que oferece uma solução completa, praticidade e agilidade na aquisição de sua nova cama. ');

INSERT INTO MC_PRODUTO (CD_PRODUTO, CD_CATEGORIA, NR_CD_BARRAS_PROD, DS_PRODUTO, VL_UNITARIO, TP_EMBALAGEM, ST_PRODUTO, VL_PERC_LUCRO, DS_COMPLETA_PROD)
VALUES (SQ_MC_PRODUTO.NEXTVAL, 5, '7890000001215', 'Colchão ortopedico', 999.99, 'Plastico','A',0.25,'O modelo de colchão linha luxo vai ajudar a alinhar a postura, com o sistema de densidade progressiva,  proporcionando o que há de melhor em conforto e qualidade, confira abaixo o descritivo completo das vantagens que este Colchão Magnético proporciona.');

INSERT INTO MC_PRODUTO (CD_PRODUTO, CD_CATEGORIA, NR_CD_BARRAS_PROD, DS_PRODUTO, VL_UNITARIO, TP_EMBALAGEM, ST_PRODUTO, VL_PERC_LUCRO, DS_COMPLETA_PROD)
VALUES (SQ_MC_PRODUTO.NEXTVAL, 6, '7890000001225', 'Luvas de boxe', 240.00, 'Plastico','A',0.25,'Luva vermelha de boxe e muay thai, 16 oz');

INSERT INTO MC_PRODUTO (CD_PRODUTO, CD_CATEGORIA, NR_CD_BARRAS_PROD, DS_PRODUTO, VL_UNITARIO, TP_EMBALAGEM, ST_PRODUTO, VL_PERC_LUCRO, DS_COMPLETA_PROD)
VALUES (SQ_MC_PRODUTO.NEXTVAL, 6, '7890000001235', 'Esteira de corrida', 1000.00, 'Papelão','A',0.25,'Esteira ajustavel para corrida - velocidade maxima : 10 km e possui reclinação');

INSERT INTO MC_PRODUTO (CD_PRODUTO, CD_CATEGORIA, NR_CD_BARRAS_PROD, DS_PRODUTO, VL_UNITARIO, TP_EMBALAGEM, ST_PRODUTO, VL_PERC_LUCRO, DS_COMPLETA_PROD)
VALUES (SQ_MC_PRODUTO.NEXTVAL, 7, '7890000001245', 'Martelo', 100.00, 'Papelão','A',0.25,'Martelo de ferro, perfeito para atividades domesticas');

INSERT INTO MC_PRODUTO (CD_PRODUTO, CD_CATEGORIA, NR_CD_BARRAS_PROD, DS_PRODUTO, VL_UNITARIO, TP_EMBALAGEM, ST_PRODUTO, VL_PERC_LUCRO, DS_COMPLETA_PROD)
VALUES (SQ_MC_PRODUTO.NEXTVAL, 7, '7890000001255', 'Furadeira', 150.00, 'Papelão','A',0.25,'Furadeira vermelha, perfeita para atividades do dia a dia.');

INSERT INTO MC_PRODUTO (CD_PRODUTO, CD_CATEGORIA, NR_CD_BARRAS_PROD, DS_PRODUTO, VL_UNITARIO, TP_EMBALAGEM, ST_PRODUTO, VL_PERC_LUCRO, DS_COMPLETA_PROD)
VALUES (SQ_MC_PRODUTO.NEXTVAL, 8, '7890000001265', 'Console video game', 4000.00, 'Papelão','A',0.25,'Console ps4 com 1tb de memoria, acompanha 5 jogos de sua escolha e 2 controles');

INSERT INTO MC_PRODUTO (CD_PRODUTO, CD_CATEGORIA, NR_CD_BARRAS_PROD, DS_PRODUTO, VL_UNITARIO, TP_EMBALAGEM, ST_PRODUTO, VL_PERC_LUCRO, DS_COMPLETA_PROD)
VALUES (SQ_MC_PRODUTO.NEXTVAL, 9, '7890000001275', 'Notebook', 5000.00, 'Papelão','A',0.25,'Notebook acer com 256 de SSD e 8 de ram - Conteudo da embalagem: 1 notebook e 1 carregador e manuais');

INSERT INTO MC_PRODUTO (CD_PRODUTO, CD_CATEGORIA, NR_CD_BARRAS_PROD, DS_PRODUTO, VL_UNITARIO, TP_EMBALAGEM, ST_PRODUTO, VL_PERC_LUCRO, DS_COMPLETA_PROD)
VALUES (SQ_MC_PRODUTO.NEXTVAL, 10, '7890000001285', 'O senhor dos anéis', 149.99, 'Papelão','A',0.25,'Uma história mágica escritra por J.R.R Tolkien');

INSERT INTO MC_PRODUTO (CD_PRODUTO, CD_CATEGORIA, NR_CD_BARRAS_PROD, DS_PRODUTO, VL_UNITARIO, TP_EMBALAGEM, ST_PRODUTO, VL_PERC_LUCRO, DS_COMPLETA_PROD)
VALUES (SQ_MC_PRODUTO.NEXTVAL, 11, '7890000001295', 'Brinquedo para cachorro', 50.00, 'Papelão','A',0.25,'Brinquedo azul para o desenvolvimento do seu bicho de estimação');

INSERT INTO MC_PRODUTO (CD_PRODUTO, CD_CATEGORIA, NR_CD_BARRAS_PROD, DS_PRODUTO, VL_UNITARIO, TP_EMBALAGEM, ST_PRODUTO, VL_PERC_LUCRO, DS_COMPLETA_PROD)
VALUES (SQ_MC_PRODUTO.NEXTVAL, 12, '7890000001305', 'Aspirador de pó', 399.99, 'Papelão','A',0.25,'Aspirador de pó bivolt com diversos niveis de potencia para um ambiente sempre limpo');

COMMIT;

-- Resposta do Comando SQL item j)

INSERT INTO MC_SGV_PRODUTO_VIDEO (CD_PRODUTO, NR_SEQUENCIA, CD_CATEGORIA, VD_PRODUTO, TP_VIDEO_PROD, DS_PATH_VIDEO_PROD, ST_VIDEO_PROD)
VALUES (17, 1, 15, NULL, 'Dicas', 'https://www.youtube.com/watch?v=_QsnqaARyp8','A');

INSERT INTO MC_SGV_PRODUTO_VIDEO (CD_PRODUTO, NR_SEQUENCIA, CD_CATEGORIA, VD_PRODUTO, TP_VIDEO_PROD, DS_PATH_VIDEO_PROD, ST_VIDEO_PROD)
VALUES (17, 2, 16, NULL, 'Manut.', 'https://www.youtube.com/watch?v=tpkb8H6kycs','A');

COMMIT;

-- Resposta do Comando SQL item k)

INSERT INTO MC_SGV_VISUALIZACAO_VIDEO (CD_VISUALIZACAO_VIDEO, NR_CLIENTE, CD_PRODUTO, DT_VISUALIZACAO, NR_HORA_VISUALIZACAO, NR_MINUTO_VIDEO, NR_SEGUNDO_VIDEO) VALUES (SQ_MC_SGV_VISUAL_PROD.NEXTVAL, 1, 17, TO_DATE('09/03/2023','DD/MM/YYYY'), 10, 25, NULL);
INSERT INTO MC_SGV_VISUALIZACAO_VIDEO (CD_VISUALIZACAO_VIDEO, NR_CLIENTE, CD_PRODUTO, DT_VISUALIZACAO, NR_HORA_VISUALIZACAO, NR_MINUTO_VIDEO, NR_SEGUNDO_VIDEO) VALUES (SQ_MC_SGV_VISUAL_PROD.NEXTVAL, 5, 17, TO_DATE('17/02/2023','DD/MM/YYYY'), 12, 22, NULL);
INSERT INTO MC_SGV_VISUALIZACAO_VIDEO (CD_VISUALIZACAO_VIDEO, NR_CLIENTE, CD_PRODUTO, DT_VISUALIZACAO, NR_HORA_VISUALIZACAO, NR_MINUTO_VIDEO, NR_SEGUNDO_VIDEO) VALUES (SQ_MC_SGV_VISUAL_PROD.NEXTVAL, 9, 17, TO_DATE('28/01/2023','DD/MM/YYYY'), 09, 40, NULL);
INSERT INTO MC_SGV_VISUALIZACAO_VIDEO (CD_VISUALIZACAO_VIDEO, NR_CLIENTE, CD_PRODUTO, DT_VISUALIZACAO, NR_HORA_VISUALIZACAO, NR_MINUTO_VIDEO, NR_SEGUNDO_VIDEO) VALUES (SQ_MC_SGV_VISUAL_PROD.NEXTVAL, 4, 17, TO_DATE('04/04/2023','DD/MM/YYYY'), 22, 10, NULL);
INSERT INTO MC_SGV_VISUALIZACAO_VIDEO (CD_VISUALIZACAO_VIDEO, NR_CLIENTE, CD_PRODUTO, DT_VISUALIZACAO, NR_HORA_VISUALIZACAO, NR_MINUTO_VIDEO, NR_SEGUNDO_VIDEO) VALUES (SQ_MC_SGV_VISUAL_PROD.NEXTVAL, 11, 17, TO_DATE('13/02/2023','DD/MM/YYYY'), 14, 30, NULL);

COMMIT;

-- Resposta do Comando SQL item l)

COMMIT;

-- Resposta do Comando SQL item m)

INSERT INTO mc_categoria_prod (cd_categoria, tp_categoria, ds_categoria, dt_inicio, dt_termino, st_categoria) 
VALUES (SQ_MC_CATEGORIA.NEXTVAL, 'P', 'Papelaria', TO_DATE('01/02/2012','DD/MM/YYYY'),TO_DATE('05/04/2015','DD/MM/YYYY'), 'I');

COMMIT;

-- Resposta do Comando SQL item n)

INSERT INTO mc_produto (cd_produto, cd_categoria, nr_cd_barras_prod, ds_produto, vl_unitario, tp_embalagem, st_produto, vl_perc_lucro, ds_completa_prod) 
VALUES (SQ_MC_PRODUTO.NEXTVAL, 17, '7890000001410', 'Caderno', 50.00, 'Não se Aplica', 'I', 0.25, 'Caderno de anotações -  400 páginas');

COMMIT;


-- Resposta do Comando SQL item o)

UPDATE mc_funcionario SET ds_cargo = 'DIRETOR FINANCEIRO', vl_salario = (vl_salario*1.12), cd_gerente = 1 WHERE cd_funcionario = 15 AND cd_depto = 5;

COMMIT;

-- Resposta do Comando SQL item p)

UPDATE mc_categoria_prod SET ds_categoria = 'Celulares e Smartphones' WHERE cd_categoria = 4;

COMMIT;

-- Resposta do Comando SQL item q)

UPDATE MC_DEPTO
SET NM_DEPTO = 'SEGURANÇA E TECNOLOGIA DA INFORMAÇÃO'
WHERE NM_DEPTO = 'T.I.';

COMMIT;

-- Resposta do Comando SQL item r)

UPDATE MC_CLI_FISICA
SET DT_NASCIMENTO = TO_DATE('18/05/2002', 'DD/MM/YYYY')
WHERE NR_CLIENTE = 10;

COMMIT;

-- Resposta do Comando SQL item s)

UPDATE MC_CATEGORIA_PROD
SET DS_CATEGORIA = 'Propaganda/Anuncio'
WHERE CD_CATEGORIA = 14;

COMMIT;


-- Resposta do Comando SQL item t)


UPDATE MC_FUNCIONARIO
SET ST_FUNC = 'I', DT_DESLIGAMENTO = TO_DATE(SYSDATE, 'DD/MM/YYYY')
WHERE CD_FUNCIONARIO = 19;

COMMIT;

-- Resposta do Comando SQL item u)

INSERT INTO MC_SGV_SAC (NR_SAC, NR_CLIENTE, CD_PRODUTO, CD_FUNCIONARIO, DS_DETALHADA_SAC, DT_ABERTURA_SAC, HR_ABERTURA_SAC, 
DT_ATENDIMENTO, HR_ATENDIMENTO_SAC, NR_TEMPO_TOTAL_SAC, DS_DETALHADA_RETORNO_SAC, TP_SAC, ST_SAC, NR_INDICE_SATISFACAO)
VALUES (SQ_MC_SGV_SAC.NEXTVAL,4,7,20,'Boa tarde, gostaria de fazer uma sugestão de descrição so produto, em que fosse inserido se o headphone é com ou sem fio. 
Fiz a compra do produto arriscando ser com fio, mesmo preferindo ser sem; porém não é algo que me importo muito, mas para outra pessoa pode ser uma informação necessária',
TO_DATE('20/04/2023','DD/MM/YYYY'),13,NULL, NULL, NULL, NULL, 'S', 'E', NULL);

UPDATE MC_SGV_SAC
SET DT_ATENDIMENTO = TO_DATE('20/04/2023','DD/MM/YYYY'), HR_ATENDIMENTO_SAC = 16, NR_TEMPO_TOTAL_SAC = 4, DS_DETALHADA_RETORNO_SAC = 'Boa tarde Sr. Gabriel, acolhemos sua sugestão e já estamos trabalhando na atualização da descrição do produto,
deixando-a mais detalhada. Obrigado pela sugestão, são clientes como o senhor que nos fazer melhorar a cada dia nossos serviços.', ST_SAC = 'F', NR_INDICE_SATISFACAO = 10
WHERE NR_SAC = 1;

COMMIT;

-- Resposta do Comando SQL item v)

UPDATE MC_END_CLI
SET ST_END = 'I', DT_TERMINO = TO_DATE(SYSDATE-1, 'DD/MM/YYYY')
WHERE NR_CLIENTE = 5 AND CD_LOGRADOURO_CLI = 25;

COMMIT;


-- Resposta do Comando SQL item w)

UPDATE MC_END_FUNC
SET ST_END = 'I', DT_TERMINO = TO_DATE(SYSDATE-1, 'DD/MM/YYYY')
WHERE CD_FUNCIONARIO = 6 AND CD_LOGRADOURO = 12;

COMMIT;


-- Resposta do Comando SQL item x)

DELETE MC_ESTADO WHERE SG_ESTADO ='BA';


-- Resposta do Comando SQL item y)

UPDATE MC_PRODUTO
SET ST_PRODUTO = 'X'
WHERE CD_PRODUTO = 3;

-- Resposta do Comando SQL item z)

COMMIT;